,Genotype,DH_Pooled,GFD_Pooled,GNPS_Pooled,GWPS_Pooled,PH_Pooled,GY_Pooled,Allele_Sequence
0,AAI-W29,87.275,43.136,54.635,2.487,105.657,377.428,GGTGTGGTTTCGGTT
1,AKAW5080,80.225,44.57,47.878,1.955,98.548,381.368,GGTTGGGGTTCCGGCC
2,AKAW5099,76.579,45.286,56.952,2.559,93.936,423.772,GGGTTGGAACCGGCC
3,BRW3877,84.358,42.897,53.187,2.2,103.351,461.672,GGGGGAAAACCGGC
4,CG1029,81.684,45.047,35.377,2.167,92.207,424.71,GGTGTTGGTTTTTTCC
5,CG1034,87.761,41.464,54.394,2.233,101.046,438.219,GGTTTTGGTTTTTCC
6,CG1035,85.33,42.42,54.587,2.2,99.124,493.193,GGTTGGAAAACCGGCC
7,CG1036,79.496,44.57,46.961,1.928,85.482,373.113,GGTGTTAATTCCGGCC
8,CG1037,84.115,42.897,40.204,2.035,101.814,452.853,GGGGGGGTTCCGGCC
9,DBW107,86.302,43.136,65.157,2.071,98.164,406.51,GGGGGGGTTCCGGC
10,DBW110,86.789,43.375,53.428,2.342,98.74,489.628,GGTTGGAAAATGGCC
11,DBW290,81.198,43.375,53.38,2.806,101.622,388.873,GGTTTTAAACCGGC
12,DBW296,86.546,42.897,49.567,2.144,94.705,374.989,GGTTGGGGTTCCGGCC
13,DBW303,80.225,43.375,62.164,2.722,99.124,523.776,GGGGGGGTTTCGGTT
14,DBW307,80.469,43.614,49.76,2.49,100.085,444.41,GGTGGGGGTTTCGGC
15,DBW310,90.435,40.986,46.913,1.908,98.932,437.468,GGTGGGGGATCGGCC
16,DBW311,85.087,43.614,30.454,1.785,92.015,385.871,GGTGGGGGTTTCGGTT
17,DBW312,90.678,41.225,60.427,2.314,91.247,473.305,AGTGTTGGTTTCGGC
18,DBW313,87.275,42.42,54.732,2.331,92.976,434.091,GGTGGGGGTTTTGGTT
19,DBW314,88.733,41.703,61.489,2.75,98.74,478.183,GGTTGGGGAACCGGCC
20,DBW316,84.358,43.614,46.14,2.166,98.932,475.931,GGGGGGGTTCCGGTT
21,DBW319,83.385,43.614,51.546,2.401,104.888,454.542,GGTTGGGGAACCGGTC
22,DBW320,81.684,43.614,48.361,2.352,94.705,501.073,GGTGGGGGACCGGTT
23,DBW321,86.546,42.659,59.075,2.481,97.395,491.317,GGTTGGGGAACCGGTT
24,DBW322,80.955,43.614,46.285,2.387,93.36,383.057,GGTGGGGGAACCGGTT
25,DBW326,82.413,43.136,57.338,2.425,98.932,486.626,GGTTGGAATTCCGGTT
26,DBW327,84.358,43.136,55.407,2.608,93.936,496.57,GGTTGGGGAATGGTT
27,DBW328,83.385,42.897,53.815,2.601,99.508,573.497,GGTTGGGGTTCCGGCC
28,DBW329,85.087,42.897,59.317,2.416,97.203,437.468,GGTTGGGGAACCGGTT
29,DBW331,86.546,42.181,53.911,2.438,104.12,523.964,GGTTTTGGTTCCGGTT
30,DBW332,85.573,43.375,55.552,2.652,96.05,491.504,GGTTGGGGTTCCGGTT
31,DBW335,79.496,43.853,48.119,2.222,93.744,398.254,GGTGGGAAAACCGGTT
32,DBW39,89.219,41.703,66.074,2.592,107.578,406.135,GGTTGGGGAACCGGCC
33,DBW88,91.164,42.659,46.816,2.675,95.858,483.249,GGTTGGGGTTCCGGTT
34,GW322,83.629,43.614,52.994,2.069,92.399,463.548,GGTTTTGGTTCCGGTT
35,GW513,76.822,45.764,53.187,2.452,96.819,391.875,GGTTTTGGAACCGGTT
36,GW519,84.358,43.375,47.299,2.057,93.36,336.338,GGTTTTAAACCGGTC
37,GW521,79.739,44.092,51.16,2.383,88.749,398.442,GGTTTTAAAACCGGCC
38,GW522,79.739,44.808,44.837,2.144,84.714,383.432,GGTTTTAAAACCGGCC
39,GW523,79.01,43.614,43.776,2.18,86.443,369.548,GGTTTTGGTTCCGGTT
40,GW525,84.358,43.375,57.917,2.748,104.696,372.925,GGTGGGGGTTTCGGCC
41,GW528,84.601,43.136,52.511,2.447,100.085,474.055,GGTTTTGGATCCGGTT
42,HD2864,80.469,45.286,48.554,2.098,86.251,359.416,GGTTTTAAAACCGGCC
43,HD2932,84.844,43.853,46.189,2.218,92.784,433.528,GGTTTTGGAACCGGCC
44,HD2967,94.81,40.27,51.401,2.182,101.046,434.279,GGTTGGGGTTCCGGTT
45,HD3043,88.733,42.181,59.22,2.463,107.386,448.913,GGTTGGGGTTCCGGTT
46,HD3090,83.385,43.614,59.944,2.429,99.893,437.843,GGGTTGGTTTGGCC
47,HD3249,82.899,43.136,58.158,2.697,100.853,486.063,GGGGGGGTTCCGGCC
48,HD3293,84.115,43.375,45.465,2.503,103.928,405.384,GGGGGGGTTTGGTT
49,HD3298,84.358,42.42,52.656,2.358,94.513,408.574,GGTTGGGGTTCCGGCC
50,HD3331,86.789,42.897,56.035,1.964,99.701,423.959,GGTTGGGGTTTCGGTT
51,HD3332,81.684,45.286,43.196,2.035,101.814,475.369,GGTTGGGGTTTGGC
52,HD3334,83.385,42.897,41.748,2.278,97.971,427.899,GGTTGGGGTTCCGGCC
53,HD3348,89.463,41.942,46.189,2.322,97.395,430.714,GGTTTTGGAACCTTTT
54,HD3349,79.496,43.614,48.361,2.423,97.011,377.991,GGTGGGGGTTTCGGTT
55,HD3350,80.955,44.092,52.222,2.247,94.321,380.242,GGTGGGGGTTTCGGTT
56,HD3351,85.33,43.136,45.803,2.494,97.587,402.945,GGTTGGAATTTGGTT
57,HD3352,89.219,42.181,65.109,2.516,93.36,452.853,AATGGGGGTTTCGGCC
58,HD3354,81.441,43.375,57.579,2.597,99.701,516.646,GGTGGGGGAATCGGTT
59,HD3355,84.844,43.375,57.772,2.47,98.356,466.175,GGTGGGGGTTTCGGTT
60,HD3356,90.435,40.986,33.399,2.1,95.474,400.318,GGTGGGGGTTTCGGTT
61,HD3357,83.872,43.375,47.83,2.256,95.474,458.482,AATGTTAATTTCGGCC
62,HD3359,83.629,43.136,61.103,2.432,94.129,450.227,GGTTGGGGTTCCGGTT
63,HD3360,82.17,43.853,32.916,2.205,97.971,406.135,GGTTGGGGAACCGGTT
64,HD3362,82.656,43.853,55.456,2.673,103.543,476.87,GGGGGAAAATGGCC
65,HD3363,84.844,42.659,44.113,2.454,105.465,451.915,GGTTGGGGTTCCGGTT
66,HD3364,78.281,44.57,50.098,2.516,101.046,417.58,GGTTGGGGACCGGCC
67,HD3368,84.601,43.614,43.438,1.796,95.666,453.604,GGTTGGGGAACCGGTT
68,HD3371,89.463,40.986,49.664,2.434,100.469,462.047,GGGGGAAATCCGGCC
69,HD3376,88.984,40.986,38.328,2.106,92.707,411.303,GGTTGGGGAACCGGCC
70,HD3377,77.559,43.614,46.581,2.375,92.322,462.9,GGTTGGGGAATCGGTC
71,HI1544,78.288,43.853,49.67,2.065,88.672,377.905,GGTTTTGGAACCGGTT
72,HI1563,79.018,44.57,54.062,2.286,101.545,382.221,GGTTTTGGTTCCGGC
73,HI1628,84.852,43.614,60.723,2.649,105.58,436.069,GGTTGGGGAACCGGCC
74,HI1634,80.962,44.331,53.001,2.556,91.746,418.433,GGTTTTGGAACCGGTT
75,HI1636,78.288,44.331,42.431,2.27,98.663,359.893,GGTTTTGGTTCCGGTT
76,HI1637,76.101,45.047,41.948,2.226,90.401,381.47,GGTGGGGGTTCCGGCC
77,HI1646,82.664,43.614,57.007,2.253,95.973,420.496,GGTTGGGGTTCCGGTT
78,HI1647,84.122,42.897,57.055,2.435,96.165,443.95,GGTTTGGTTCCGGC
79,HI1648,79.504,43.853,53.145,2.652,100.392,409.239,GGTTGGGGAACCGGC
80,HI1649,77.559,43.853,48.608,2.553,95.781,507.367,GGTGTGGTTCCGGTT
81,HI1650,81.449,43.375,48.705,2.464,98.086,417.87,GGTTTTGGATCCGGC
82,HI1651,80.476,43.614,49.284,2.222,90.977,413.93,GGGTTGGAACCGGTT
83,HI1653,86.553,43.375,51.794,2.852,95.973,466.465,GGTGGGGGTTCCGGCC
84,HI1654,88.984,42.42,50.78,2.464,96.357,389.913,GGTGGGGGTTTGGCC
85,HPW469,92.627,42.897,53.242,2.358,106.733,463.65,GGTTGGGGTTCCGGTT
86,HPW470,86.553,41.464,48.029,2.117,99.624,346.947,GGTTGGGGAACCGGCC
87,HPW471,88.984,42.42,48.85,2.34,107.117,475.096,GGTTGGGGTTCCGGTT
88,HPW472,86.553,44.57,51.118,2.222,96.357,385.598,GGTTTTGGTTCCGGCC
89,HPW473,82.907,43.375,40.983,2.288,99.816,403.047,AATTGGGGTTCCGGTT
90,HS675,84.607,41.942,43.492,1.615,98.471,260.452,GGTTGGAAAACCTTTT
91,HS676,92.873,42.181,39.583,1.747,91.938,331.374,GGTTTTAAAACCGGTT
92,HS677,86.553,41.464,44.844,2.137,105.772,396.668,GGTTGGGGTTCCGGCC
93,HS678,92.873,42.897,52.035,2.072,101.929,385.035,GGTTTTGGTTCCGGCC
94,HS679,84.852,43.136,44.216,2.141,96.741,363.271,GGTTTTGGTTCCGGTT
95,HS680,83.393,43.375,44.844,2.351,98.663,489.543,GGTGGGGGTTTCGGTT
96,HS681,81.692,43.375,38.714,2.291,97.702,374.716,GGTTTTGGTTCCGGCC
97,HUW838,88.012,43.614,53.966,2.562,99.239,509.619,GGTTGGGGTTTGGTT
98,HUW839,81.935,42.659,58.889,2.473,104.235,444.325,GGTGGGGGAATCGGTT
99,HUW840,87.039,41.225,46.919,2.221,93.475,412.616,GGTGTTGGTTCCGGC
100,HUW843,83.391,45.286,39.342,2.028,98.471,417.119,GGTTTGGTTCCGGTT
101,JKW261,80.961,42.897,52.373,2.251,98.471,431.003,GGTTGGGGTTTCTTCC
102,JKW270,85.824,43.614,64.15,2.794,95.589,444.137,GGTGGGGGTTTCGGCC
103,JKW275,83.636,43.136,55.896,2.527,98.086,332.5,GGTGTTGGATTCGGTT
104,JKW278,83.879,43.136,59.082,2.516,96.934,434.006,GGTGGGAATTTGGCC
105,K1006,83.15,41.225,54.835,2.253,93.667,414.868,GGTTGGGGTTCCGGCC
106,K1317,91.901,41.225,48.657,2.369,100.392,410.177,GGTTGGAAAATCGGTT
107,K1901,90.929,43.853,62.364,2.182,90.977,371.339,GGGTTGGTTCCGGTT
108,K1903,84.609,43.136,52.421,2.244,105.003,412.053,GGTGGGGGTTTCGGC
109,K1905,81.69,44.092,53.58,2.534,107.501,492.732,GGTGGGGGTTTCGGTT
110,K1907,82.907,43.614,45.809,2.3,98.663,429.878,GGTGTTGGTTCCGGTT
111,K1908,81.449,44.092,35.673,2.182,103.082,391.602,AATTGGAATTCCGGCC
112,KRL1803,78.288,43.375,56.813,2.318,98.855,518.437,GGTGGGGGTTTTGGCC
113,KRL1808,81.692,40.031,31.764,1.785,100.008,405.486,AGTGTGAAAATCGGTC
114,KRL1810,91.172,40.27,33.598,1.593,97.51,396.293,GGTGGGGGAATCGGTT
115,LOK77,93.603,40.747,52.277,2.039,97.894,428.377,GGTGGGGGTTTCGGTT
116,MACS6478,88.132,42.659,55.703,2.558,89.632,503.427,GGTTGGGGTTCCGGC
117,MACS6747,85.581,44.092,46.919,2.511,99.047,389.913,GGTTTTAAAACCGGTT
118,MACS6755,82.662,43.614,47.498,2.378,117.684,450.892,GGTTTTAATTTCGGCC
119,MACS6764,79.504,43.614,55.076,2.781,97.318,437.57,GGTTGGGGACCGGTT
120,MACS6768,81.205,44.092,61.833,2.574,91.362,466.652,GGTTGGAAAACCGGTT
121,MACS6774,85.579,43.375,56.813,2.473,94.628,480.161,GGTGGGGGTTTCTTT
122,MP1358,80.962,42.897,57.972,2.545,99.239,509.806,GGGGGGGTTCCGGTT
123,MP1361,85.581,43.136,47.257,2.369,93.475,404.361,GGTTTTAATTTGGTT
124,MP1367,83.393,43.853,51.504,2.277,96.934,418.057,AATTGGAATTCCTTCC
125,MP1368,82.907,44.092,39.342,2.037,98.855,371.526,GGTTGGGGTTCCGGCC
126,MP1369,79.018,43.375,46.823,2.164,91.938,425.938,GGTTGGGGTTCCGGCC
127,MP1370,80.719,44.092,43.734,2.317,90.785,387.287,GGTGTTGGTTTGGCC
128,MP1371,80.233,43.136,54.448,2.057,95.204,453.143,GGTTTTAATTCCTTCC
129,MP3288,75.856,43.375,45.037,2.266,99.431,391.977,AATTTTAAAACCGGTT
130,MP3523,80.474,43.853,52.614,2.277,103.466,431.003,GGGGGGGTTCCGGCC
131,MP3526,79.99,43.375,58.841,2.645,100.584,422.56,AATTGGGGATCCGGCC
132,MP3529,82.662,43.136,53.097,2.121,93.283,418.245,GGTGTTGGTTCCGGTT
133,NIAW3170,82.176,42.659,50.105,2.237,102.698,439.634,GGTTGGGGTTTCGGTT
134,NIAW3851,83.15,41.942,45.906,2.369,96.549,392.353,GGTTTGAATTCCGGTT
135,NIAW3855,86.067,42.42,48.078,2.373,97.51,450.329,GGTTGGGGTTCCGGCC
136,NIAW3882,84.122,43.375,59.372,2.618,95.781,429.127,GGTTGGGGTTCCGGTT
137,NIAW3889,84.122,43.136,61.157,2.485,100.776,477.159,GGGGGGGTTCCGGTT
138,NIAW3898,74.884,44.808,50.702,2.086,93.717,419.167,GGTGGGGGTTCCGGCC
139,NW7079,76.34,42.42,66.437,2.519,97.752,336.049,GGTTGGGGTTCCGGCC
140,NW7088,86.064,42.659,54.467,2.169,103.9,416.916,GGTGTTGGTTTCGGTT
141,NW7092,86.064,43.375,57.218,2.626,98.52,448.062,GGGGGGGTTTGGTT
142,NW7093,82.417,42.897,63.058,2.305,103.516,448.812,ATGTGGTTTTGGC
143,NW8000,86.065,42.897,64.168,2.318,94.485,414.289,GGTTTGGGTTCCGGCC
144,NWS2176,85.821,44.092,59.149,2.692,88.145,463.447,GGTTGGGGAACCGGTT
145,NWS2180,81.688,42.659,49.592,2.227,97.175,444.684,GGTTGGGGAACCGGTT
146,PBW644,87.036,41.942,53.55,2.469,95.254,502.473,GGTTGGGGTTCCGGC
147,PBW803,85.821,44.331,40.808,2.34,93.717,411.099,GGTTGGGGATCCGGTT
148,PBW804,79.014,42.897,46.648,2.16,95.062,373.949,GGTTTGGGATCCGGCC
149,PBW811,85.578,45.047,50.799,2.327,97.752,428.549,GGTTGGAATTTCGGTT
150,PBW812,78.528,43.853,40.808,1.962,96.022,418.98,GGTTGGGGATCCGGTT
151,PBW813,80.959,43.614,39.07,1.988,100.249,361.191,GGTTTTAAAACCGGTT
152,PBW826,85.091,43.853,53.116,2.788,88.337,483.71,GGTTGGGGAACCGGTT
153,PBW827,84.362,43.375,49.11,2.109,92.756,418.229,GGGGGGGAACCGGCC
154,PBW828,85.091,43.136,51.281,2.198,96.983,447.874,GGGGGAATTCCGGTC
155,PBW829,84.119,40.986,56.398,2.387,92.18,445.247,AATGTTGGATTCTTTT
156,PBW830,86.793,43.614,57.17,2.251,101.018,327.418,GGTGGGAATTCGGC
157,PBW831,84.362,42.181,54.805,2.24,93.717,391.399,GGTGTTAATTTCGGCC
158,PBW832,87.279,44.092,56.735,2.659,94.677,468.888,GGTTTTGGATCCGGTT
159,PBW833,80.473,42.659,39.457,1.754,99.673,419.355,GGTTTTGGAACCGGTT
160,PBW834,86.793,45.525,42.739,2.267,95.446,381.642,GGGGGGGTTTGGTT
161,PBW836,82.662,43.136,52.198,1.776,93.525,433.802,GGTGTTGGATCCGGTT
162,PBW838,81.69,42.897,48.53,2.492,96.022,400.217,GGTTGGATTTGGTT
163,PBW840,86.794,44.092,56.784,2.169,85.839,403.407,GGTTTTGGATCCGGC
164,PBW841,78.042,41.703,55.529,2.45,97.367,411.475,GGTGGGAAAATTGGC
165,Raj4083,87.281,44.808,49.978,2.044,89.682,387.271,GGGTAATTCCGGC
166,RAJ4547,82.176,42.181,51.378,2.044,96.022,449.938,GGTGTGGGTTTCGGCC
167,RAJ4553,79.745,43.136,49.737,1.689,86.415,374.325,AATTGGAATTCCGGCC
168,Raj4554,83.876,41.942,32.603,1.93,95.062,358.001,GGGTTGGTTCCGGTT
169,RVW4301,86.307,45.525,46.745,2.238,89.298,408.097,GGTTTTGGTTCCGGCC
170,RVW4304,74.396,40.986,53.791,2.432,92.564,453.503,GGTTGGAAAACCGGTT
171,RVW4309,87.765,40.27,56.349,2.095,98.712,430.612,GGTTGGGGAACCGGTT
172,SKW356,89.953,44.331,33.327,1.663,96.791,275.446,GGTTGGGGAACCGGTT
173,TAW155,81.688,42.181,44.91,2.389,95.254,388.959,GGTTGGAGTTCCGGC
174,UAS3008,87.036,36.686,55.336,2.396,98.328,493.279,GGTTTTGGTTCCGGCC
175,UAS3011,84.605,41.942,59.1,2.791,102.555,502.098,GGTTTGGGATCCTGTC
176,UAS3012,85.578,41.942,52.729,2.737,94.101,518.609,GGTGGGAAAACCGGTT
177,UAS3013,88.494,40.747,48.82,2.209,104.861,502.473,GGTGGGAAAACCGGTT
178,UAS3014,86.064,41.225,55.432,2.664,92.564,534.745,GGGTTAATTCCGGCC
179,UP3033,81.202,43.614,57.99,2.077,96.214,430.8,GGTTGGGGTTCCGGCC
180,UP3051,88.738,41.942,42.98,2.066,97.367,511.854,GGGGGGGAACCGGTT
181,UP3053,86.064,42.42,59.921,2.381,99.481,390.085,AATGGGAATTTGGCC
182,UP3054,84.848,43.136,54.95,2.478,91.219,481.084,GGGGGGGAATGGTT
183,UP3057,88.981,41.703,68.367,2.577,100.634,446.748,GGTGGGGGTTTCGGTT
184,UP3058,87.522,42.42,41.291,2.282,110.433,414.852,GGTTGGGGAACCGGTT
185,UP3059,89.71,41.464,49.592,2.436,100.057,467.199,GGGGGAATTCCGGTT
186,UP3060,87.036,42.897,55.384,3.876,99.481,448.437,GGTTGGGGTTCCGGCC
187,UP3062,89.953,41.464,53.164,2.501,103.324,458.944,GGGGGGGTTCCGGTT
188,UP3064,90.682,41.703,40.47,1.881,93.909,368.133,GGTTTTAAAATCGGCC
189,UP3069,84.362,43.375,31.445,1.716,94.293,382.205,ATTGGAATTCCTGCC
190,VL2039,72.694,46.481,48.53,2.672,102.555,478.269,GGTTGGGGTTCCGGTT
191,VL2040,87.765,42.897,38.829,1.855,91.603,341.865,GGTTGGGGAACCGGCC
192,VL2041,100.405,41.703,47.758,3.345,107.358,315.41,GGTTGGGGTTCCGGCC
193,VL2042,85.821,42.181,35.692,2.176,108.703,537.184,GGTTGGGGTTCCGGCC
194,VL3022,88.251,43.853,34.534,1.91,103.324,455.191,GGTTGGGGTTCCGGCC
195,VL3023,78.285,44.092,47.71,2.305,88.145,458.569,GGTTGGGGTTCCGGCC
196,VL892,79.257,44.092,60.259,2.253,98.328,409.035,GGTTGGGGTTCCGGCC
197,WH1021,82.904,42.659,48.723,2.331,98.52,426.297,GGTTTTGGTTCCGGCC
198,WH1105,84.605,42.42,68.995,2.753,90.45,443.371,GGTTGGGGTTCCGGTT
199,WH1252,84.605,43.136,45.248,2.285,91.795,451.439,AATTGGGGTTTCGGCC
200,WH1264,81.688,44.092,51.812,2.287,103.131,388.584,GGTTGGGGTTTGGTT
201,WH1270,82.417,43.853,49.496,2.352,97.559,492.341,GGTTGGGGTTCCGGTT
202,WH1271,88.251,41.464,56.735,2.599,94.87,466.824,GGGGGGGTTCCGGTT
203,WH1273,89.224,42.181,60.162,2.347,90.642,445.622,GGTGTGGGTTTCGGCC
204,WH1274,82.174,43.136,51.812,2.242,97.752,463.072,GGTGTTAAAATCGGCC
205,WH1275,83.39,43.614,42.111,2.088,88.145,407.347,GGGGGGGAACCGGTT
206,WH1276,84.605,42.897,64.506,2.946,99.481,524.801,GGGGGGGTTCCGGTT
207,WH1277,85.336,42.181,53.259,2.592,99.328,506.212,GGTTGGGGTTCCGGTT
208,WH1278,80.717,43.853,43.993,2.255,94.525,369.995,GGTGGGGGAACCGGTT
209,WH1279,87.524,43.136,42.786,2.135,97.983,445.046,GGTTGGGGTTCCGGCC
210,WH1280,85.579,42.42,44.91,2.331,94.141,400.203,AATTGGAATTCCGGCC
211,WH1281,89.711,41.464,59.003,2.915,105.669,471.501,GGTGGGGGTTCCGGTT
212,WH1283,82.905,44.092,55.576,2.392,99.136,461.181,GGTGTTAAAATCGGCC
213,WH1284,80.717,44.331,55.962,2.365,103.363,521.409,GGGGGGGTTCCGGTT
214,HPW474,84.365,43.375,36.705,1.959,97.407,394.949,AATTGGGGTTTTTTCC
215,VL3024,87.524,42.42,31.878,1.988,87.608,341.101,GGTTTTGGTTCCTTTT
216,DBW291,79.016,44.331,51.811,2.432,100.481,401.141,GGTTTTGGTTCCTTTT
217,JAUW672,78.045,42.897,56.397,2.501,104.516,368.869,GGTTGGGGTTTTGGTT
218,RAJ4541,81.202,43.136,41.724,2.249,95.678,416.714,GGTTGGGGTTTTGGCC
219,MP3336,85.581,44.092,38.056,1.879,84.918,369.245,GGTTTTGGTTTTTTCC
220,HI1633,82.419,43.614,54.369,2.351,91.451,433.788,GGTTTTGGATTGGTT
221,HI1641,84.364,43.614,49.205,2.3,97.983,405.081,GGTTTTGGAATTGGTT
222,HI1642,79.988,44.808,40.952,2.331,94.717,425.908,GGTTGGGGTTTTGGCC
223,MACS6752,84.85,43.136,45.296,2.343,93.372,404.894,GGTTGGGGAATTGGTT
224,MACS6749,79.504,44.092,54.756,2.38,91.066,475.066,GGTTGGAATTTTGGCC
225,HD3353,85.093,43.375,49.784,2.169,92.603,455.177,GGTTTGGTTTTGGCC
226,DBW306,80.717,42.659,57.41,2.851,95.485,431.724,GGTTGGGGTTTTGGCC
227,DBW308,86.308,43.136,45.103,2.434,98.752,462.87,GGTTGGGGTTTTGGTT
228,DBW309,82.905,43.853,50.026,2.392,96.638,425.345,GGTTGGGGTTTTGGTT
229,DBW334,83.878,43.136,56.831,2.724,97.599,477.88,AATTGGGGTTTTGGCC
230,RAJ4546,81.933,43.614,36.415,2.258,99.328,410.147,GGTTTTGGTTTTGGTT
231,RAJ4548,86.55,44.57,50.122,2.38,99.136,386.319,GGTTGGGGTTTTGGTT
232,WH1272,89.225,41.703,34.002,1.845,91.066,445.796,GGTTGGGGAATTGGCC
233,UP3052,88.01,42.897,52.873,2.109,96.83,416.526,GGTTGGGGTTTTGGTC
234,RAJ4549,78.773,40.27,57.989,2.28,92.027,420.467,GGTTGGGGATTTGGCC
235,RAJ4550,93.115,42.897,55.335,2.149,96.254,409.209,GGTTGGGGTTTTGGTT
236,K1904,84.122,44.092,55.817,2.209,100.097,412.211,GGTTTTGGTTTTGGTT
237,UP3055,89.955,40.986,56.879,2.245,90.874,446.734,GGTTGGGGAATTGGTT
238,UP3056,88.496,41.703,64.167,2.274,93.756,417.652,GGTTGGGGATTGGTT
239,BRW3869,85.093,42.897,44.234,2.467,101.634,426.283,GGTTTTAATTTTGGCC
240,HUW841,91.172,43.853,48.674,2.349,95.293,440.167,GGTTGGGGTTTTGGTT
241,AAI-W22,86.794,42.897,77.681,2.88,89.721,314.458,GGTTTTGGATTGGTT
242,DBW315,88.982,41.464,71.455,2.362,101.442,486.323,GGTTGGGGTTTTGGTT
243,RAJ4551,81.204,42.659,48.288,2.285,89.529,368.682,GGTTGGGGAATTGGCC
244,MP3535,84.852,43.375,60.885,2.425,91.643,445.984,GGTTTTGGTTTTGGTT
245,HD3365,83.391,43.853,47.323,2.155,95.87,410.147,GGTTGGGGTTTTGGTT
246,DBW317,84.85,42.42,52.294,2.391,100.481,412.774,GGTTGGGGTTTTGGTT
247,DBW318,85.336,43.853,44.572,2.338,97.599,391.009,AGTTGGGGATTGGCC
248,RAJ4552,82.419,43.136,57.41,2.363,92.027,460.806,GGTTTGGGTTTTGGTC
249,PBW835,76.584,43.614,48.916,1.961,95.485,389.884,GGTTTTGGATTTGGTT
250,UP3061,85.336,43.136,46.357,2.244,99.713,452.551,GGTTTTGGTTTTGGTT
251,UP3065,84.85,42.181,55.866,2.802,93.756,549.928,GGTTGGGGAATTGGTT
252,HD3366,86.551,42.659,74.013,2.657,100.481,445.796,GGTTGGGGTTTTGGTT
253,HD3367,85.822,42.659,58.569,2.084,100.097,484.259,GGTTGGGGTTTTGGTT
254,HI1652,79.988,44.092,45.827,2.167,87.8,458.93,GGTTGGGGTTTTGGTC
255,MP3527,84.852,44.092,45.971,2.4,96.638,468.311,GGTTGGGGTTTTGGTC
256,GW527,76.099,43.136,39.118,1.83,85.11,370.933,GGTTTTGGTTTTTTCC
257,PBW837,82.417,43.375,54.804,2.166,101.25,440.355,GGTTTTGGATTGGTT
258,NIAW3895,83.15,44.57,40.614,2.106,99.328,452.551,GGTTTTGGAATTGGTT
259,MP1372,84.609,45.286,52.584,2.251,92.603,434.726,GGTTTTGGTTCCGGC
260,MACS6769,78.532,41.942,46.888,2.051,92.796,467.561,GGTTGGGGTTTTGGTT
261,HD3369,86.065,42.897,37.622,1.857,95.87,496.83,GGTTGGGGTTTTGGCC
262,DBW323,89.225,41.703,51.715,2.291,105.285,517.844,GGTTTTGGAATTGGCC
263,DBW324,89.711,40.986,52.198,2.476,106.245,438.666,GGTTGGGGTTTTGGTT
264,NW7096,84.362,43.136,48.336,2.36,95.678,419.716,GGTTGGAGATTTGGCC
265,JAUW683,86.308,44.331,36.27,2.187,100.097,331.907,GGTTTTGGATTGGTT
266,PBW839,86.307,43.136,47.516,2.456,94.717,427.409,GGTTTGGATTTGGTT
267,PBW848,86.55,42.659,55.769,2.244,91.643,424.219,GGTTGGAGAATTGGTT
268,BRW3863,81.69,43.136,62.671,2.421,107.206,437.353,GGTTTTGGAATTGGC
269,BCW5,88.253,42.42,55.769,2.274,96.062,450.299,GGTTGGAAAATTGGCC
270,HD3372,78.044,44.808,46.502,2.51,93.756,469.062,GGTTGGAGTTTTGGTT
271,HI1655,80.961,43.136,42.4,2.03,96.062,400.766,GGTTGGAAAATTGGTT
272,AKAW5088,78.53,45.047,44.282,2.144,104.708,392.886,GGTTTTAGATTTGGTT
273,MACS6753,84.85,42.897,55.335,2.897,117.005,404.518,GGTTGGAATTTTGGCC
274,DBW330,85.336,43.136,45.875,2.343,107.974,509.776,GGTTGGGGTTTTGGTT
275,DBW173,86.794,42.42,59.437,2.398,100.673,478.818,GGTTGGGGTTTTGGTT
276,DBW187,82.464,44.362,45.776,2.475,98.719,461.657,GGTTGGGGTTTTGGC
277,MACS6222,90.442,40.267,54.487,2.405,95.316,437.051,GGTTGGAAAACCGGTT
278,WH1124,81.54,43.646,45.875,2.095,94.597,409.141,GGTTGGGGAACCGGTT
279,WH1142,85.052,43.236,59.132,2.377,100.061,418.77,GGGGGGGTTCCGGCC
